{"event_type":"MouseClick","x":767.5546875,"y":451.81640625,"timestamp":1739807396.954403}
{"event_type":"MouseClick","x":767.5546875,"y":451.81640625,"timestamp":1739807397.102858}
{"event_type":"MouseClick","x":596.21875,"y":515.65234375,"timestamp":1739807400.004152}
{"event_type":"MouseClick","x":596.21875,"y":515.65234375,"timestamp":1739807400.006488}
{"event_type":"MouseClick","x":596.21875,"y":515.65234375,"timestamp":1739807400.119708}
{"event_type":"MouseClick","x":596.21875,"y":515.65234375,"timestamp":1739807400.11993}
{"event_type":"MouseClick","x":200.31640625,"y":561.09375,"timestamp":1739807403.353028}
{"event_type":"MouseClick","x":200.31640625,"y":561.09375,"timestamp":1739807403.353167}
{"event_type":"MouseClick","x":200.31640625,"y":561.09375,"timestamp":1739807403.353268}
{"event_type":"MouseClick","x":200.31640625,"y":561.09375,"timestamp":1739807403.45264}
{"event_type":"MouseClick","x":200.31640625,"y":561.09375,"timestamp":1739807403.452751}
{"event_type":"MouseClick","x":200.31640625,"y":561.09375,"timestamp":1739807403.452818}
{"event_type":"MouseClick","x":0.0,"y":0.0,"timestamp":1739807404.469849}
{"event_type":"MouseClick","x":0.0,"y":0.0,"timestamp":1739807404.470418}
{"event_type":"MouseClick","x":0.0,"y":0.0,"timestamp":1739807404.470806}
{"event_type":"MouseClick","x":0.0,"y":0.0,"timestamp":1739807404.471416}
{"event_type":"MouseClick","x":0.0,"y":0.0,"timestamp":1739807404.586039}
{"event_type":"MouseClick","x":0.0,"y":0.0,"timestamp":1739807404.586146}
{"event_type":"MouseClick","x":0.0,"y":0.0,"timestamp":1739807404.586194}
{"event_type":"MouseClick","x":0.0,"y":0.0,"timestamp":1739807404.586286}
{"event_type":"MouseClick","x":0.0,"y":0.0,"timestamp":1739807406.003549}
{"event_type":"MouseClick","x":0.0,"y":0.0,"timestamp":1739807406.006522}
{"event_type":"MouseClick","x":0.0,"y":0.0,"timestamp":1739807406.008514}
{"event_type":"MouseClick","x":0.0,"y":0.0,"timestamp":1739807406.00894}
{"event_type":"MouseClick","x":0.0,"y":0.0,"timestamp":1739807406.009335}
{"event_type":"MouseClick","x":0.0,"y":0.0,"timestamp":1739807406.086256}
{"event_type":"MouseClick","x":0.0,"y":0.0,"timestamp":1739807406.086512}
{"event_type":"MouseClick","x":0.0,"y":0.0,"timestamp":1739807406.086624}
{"event_type":"MouseClick","x":0.0,"y":0.0,"timestamp":1739807406.086721}
{"event_type":"MouseClick","x":0.0,"y":0.0,"timestamp":1739807406.086789}
{"event_type":"MouseClick","x":674.859375,"y":922.01953125,"timestamp":1739807408.80269}
{"event_type":"MouseClick","x":674.859375,"y":922.01953125,"timestamp":1739807408.802997}
{"event_type":"MouseClick","x":674.859375,"y":922.01953125,"timestamp":1739807408.803287}
{"event_type":"MouseClick","x":674.859375,"y":922.01953125,"timestamp":1739807408.803425}
{"event_type":"MouseClick","x":674.859375,"y":922.01953125,"timestamp":1739807408.803538}
{"event_type":"MouseClick","x":674.859375,"y":922.01953125,"timestamp":1739807408.902676}
{"event_type":"MouseClick","x":674.859375,"y":922.01953125,"timestamp":1739807408.904983}
{"event_type":"MouseClick","x":674.859375,"y":922.01953125,"timestamp":1739807408.905065}
{"event_type":"MouseClick","x":674.859375,"y":922.01953125,"timestamp":1739807408.90511}
{"event_type":"MouseClick","x":674.859375,"y":922.01953125,"timestamp":1739807408.905157}
